actor_loss,actor_new_loss,actor_old_loss,step
0.03792780265212059,nan,0.03792780265212059,10
0.026572484523057938,nan,0.026572484523057938,30
0.02724875882267952,nan,0.02724875882267952,50
0.011718902736902237,nan,0.011718902736902237,70
0.01628512516617775,nan,0.01628512516617775,90
0.01931890845298767,nan,0.01931890845298767,110
0.0031744905281811953,nan,0.0031744905281811953,130
0.026210729032754898,nan,0.026210729032754898,150
