{
    "mtx" : [[922.31988525, 0.0, 638.27734375], [0.0, 922.49658203, 372.07855225], [0.0, 0.0, 1.0]],
    "dist" : [0.0, 0.0, 0.0, 0.0, 0.0]
}

