actor_loss,step
0.053693586960434914,10
0.03817447703331709,20
0.051762436516582966,30
0.050017884373664855,40
0.058516287431120875,50
0.04464020803570747,60
0.23604816123843192,70
0.048582568392157556,80
0.14042211510241032,90
0.14137939736247063,100
