actor_loss,actor_new_loss,actor_old_loss,step
0.14072340726852417,nan,0.14072340726852417,10
0.0848226249217987,nan,0.0848226249217987,30
0.2446015328168869,nan,0.2446015328168869,50
0.3680895268917084,nan,0.3680895268917084,70
