actor_loss,actor_new_loss,actor_old_loss,step
inf,nan,inf,10
8.964973504634766e+21,nan,8.964973504634766e+21,30
inf,nan,inf,50
inf,nan,inf,70
40979787776.0,nan,40979787776.0,90
inf,nan,inf,110
inf,nan,inf,130
1.3133681855666586e+17,nan,1.3133681855666586e+17,150
inf,nan,inf,170
inf,nan,inf,190
inf,nan,inf,210
inf,nan,inf,230
inf,nan,inf,250
1.568471984739671e+20,nan,1.568471984739671e+20,270
inf,nan,inf,290
inf,nan,inf,310
inf,nan,inf,330
